,label,concern,Comment
10,Neutral#other,1,Fan SÃ´n lÃ¬ cháº¯c ko vui Ä‘Ã¢u nhá»‰? Kkkk
15,"Positive#club,Neutral#player",1," BVB nÄƒm nay chÃ¡y quÃ¡ , mbappe nÃªn Ä‘áº¿n 1 Ä‘á»™i khÃ¡c Ä‘á»ƒ cÃ³ cÃºp c1 , chÃºc má»«ng BVB ğŸ‰ğŸ‰ "
33,Positive#other,1,ChÃºc má»«ng giáº£i Ä‘áº¥u háº¥p dáº«n nháº¥t tháº¿ giá»›i theo lá»i cá»§a ricon Ä‘Ã£ out 2 Ä‘á»™i
35,Neutral#player,1,nghe nÃ³i hakimi hay láº¯m
61,"Negative#club,Neutral#player",1,cáº£m nháº­n nhÆ° m3p Ä‘Ã¡ vá»›i toÃ n khÃºc gá»— . m3p muá»‘n cÃ³ danh hiá»‡u nÃªn ra Ä‘i tÃ¬m báº¿n Ä‘á»— má»›i
150,"Positive#player,Neutral#other",1," Mp3 váº«n Ä‘áº³ng cáº¥p, chá»‰ lÃ  a k á»Ÿ clb xá»©ng Ä‘Ã¡ng. HÃ  lan xÃ©t vá» toÃ n diá»‡n thÃ¬ k cÃ³ cá»­a "
151,Neutral#other,1,Luáº­t cá»§a máº¥y Ã´ng tai
231,Neutral#other,1,Äá»ƒ khÃ¡n giáº£ xem láº¡i cÃ¡c tráº­n Ä‘áº¥u khÃ¡c Ä‘Æ°á»£c háº¥p dáº«n hÆ¡n Ä‘á» nghá»‹ blv khÃ´ng tb tá»· sá»‘ nhá»¯ng tráº­n khÃ¡c
233,Positive#player,1,Báº£n lÄ©nh cá»§a new king lÃ  váº­y! Leizix Ä‘Ã£ cÃ³ 1 ngÃ y hay nhÆ°ng hay ko váº«n chÆ°a Ä‘á»§ğŸ˜…
236,Positive#player,1,Qa real dc r mp3
237,Neutral#player,1,M3b muá»‘n cÃ³ qbv thÃ¬ hÃ£y rá»i psg Ä‘i mÃ³i cÃ³ cÆ¡ há»™i
239,Neutral#club,1,GÃ³i var cá»§a PSG hay Ä‘áº¥y.
253,Neutral#other,1,Vo lÃ½ tháº¿ nhá»‰ cham ngÆ°á»i trc má»›i cham tay
259,Neutral#player,1,Anti cá»© chÃª a 7 Ä‘á»‡m bÃ³ng.nhÆ°ng xem má»›i tháº¥y cÃ³ pháº£i Ä‘á»‡m lÃ  dá»… Ä‘Ã¢u:)))
260,Positive#other,1,cháº¯c Ã´ng pep cá»‘ tÃ¬nh Ä‘á»ƒ thua trc 2 bÃ n
267,Neutral#other,1,Viá»‡t vá»‹ mÃ  láº¥y gi
268,Neutral#club,1," Ac milan vaÌ€ Newcastle biÌ£ loaÌ£i, PSG vaÌ€ Dortmund Ä‘i tiÃªÌp, tui dÆ°Ì£ Ä‘oaÌn chuÃ¢Ì‰n lÄƒÌm ğŸ˜…ğŸ˜…ğŸ˜…ğŸ˜…ğŸ˜…ğŸ˜‚ğŸ˜‚ "
272,Neutral#club,1,CÅ©ng may lÃ  cÃ³ Pen. Náº¿u k thÃ¬ PSG thua trÃªn sÃ¢n nhÃ . VÃ¬ kÃ©m duyÃªn ghi bÃ nğŸ˜‚
287,Neutral#other,1,Trá»i Æ¡i tiáº¿c cho Newcastle quÃ¡ tráº­n Ä‘áº¥u sáº¯p káº¿t thÃºc rá»“i láº¡i bá»‹ thá»•i pen.
316,Positive#club,1,tÃ´i Ä‘Ã£ tháº¥y sá»± khÃ³ khÄƒn cho Mu cuá»‘i tuáº§n . New Ä‘ang Ä‘Ã¡ Ä‘Ã¡ng sá»£
322,Neutral#other,1,Tráº£i nghiá»‡m thÃªm vá» bÃ³ng Ä‘Ã¡ táº¡i 2qlive lÃ  má»™t quyáº¿t Ä‘á»‹nh Ä‘Ãºng Ä‘áº¯n. Báº¡n Ä‘Ã£ cÃ³ nhá»¯ng tráº£i nghiá»‡m thÃº vá»‹ nÃ o chÆ°a?
323,Negative#other,1,Ä‚n may
327,Neutral#other,1,Nghe Ä‘á»“n Real chá»‰ cáº§n 1% vÃ´ Ä‘á»‹ch
333,Neutral#other,1,Vua c1 Ä‘Ã£ bÄƒng hÃ  vÃ  rá»“i nhÃ  vui má»›i Ä‘Ã£ hiá»‡n há»¯uâ¤
336,Neutral#club,1," Real Madrid nháº£ cho cÃ³ thá»ƒ vÃ´ Ä‘á»‹ch 1 láº§n áº¥y chá»©, chá»© k cÃ³ cÃ¡i cÃºp c1 nÃ o nÃ³ cx kÃ¬ ğŸ˜‚ "
340,Neutral#other,1,Hem tháº¥y a ben insta cÆ°á»i nháº¿ch mÃ©p ná»¯a za ta =))) Sao tháº¥y cá»c dá»¯ za
348,Positive#club,1,PHáº¢I MAN Ä‘áº§n khÃ©o bá» cuá»™cğŸ˜‚
358,Positive#other,1,Váº£ cho nhÃ  vua 4 phÃ¡t ğŸ˜‚ğŸ˜‚ğŸ˜‚
366,Neutral#other,1,Láº¡i cÃ³ thÃªm thÃ¡nh Ä‘á»‹a má»›i r ğŸ˜‚ğŸ˜‚ğŸ˜‚
369,Positive#other,1,1 chiáº¿n tháº¯ng Ã¡p Ä‘áº£o cá»§a mc trÆ°á»›c real Madrid  tiáº¿n giá»¯a cá»§a man xanh bÃ³p ngháº¹t  hoÃ n toÃ n  tuyáº¿n giá»¯a cá»§a  real Madrid  xin chÃºc má»«ng  man xanh vá»›i chiáº¿n tháº¯ng  vÃ  gÃ³p máº·t á»Ÿ chung káº¿t
370,Neutral#player,1,Thg tiá»n Ä‘áº¡o zp lÃ m 2 bÃ n sÃºt bÃ¬nh tÄ©nh gÃª
371,Neutral#player,1,Báº¡n tÃ´i cÃ¡ cÆ°á»£c thua nÃªn pháº£i cáº¡o trá»c
374,Positive#club,1, kiá»ƒm soÃ¡t hoÃ n toÃ n tráº­n Ä‘áº¥u. sá»£ tháº­t. khÃ´ng tháº¥y bÃ³ng dÃ¡ng real á»Ÿ Ä‘Ã¢u. 
392,Neutral#other,1,NÄƒm ngoÃ¡i Äƒn cÃ¡ch biá»‡t 2 bÃ n á»· y bá»‹ gá»¡ hÃ²a láº¡i xong Äƒn luÃ´n nÄƒm nay kinh nghiá»‡m hÆ¡n Äƒn 3 trÃ¡i cho cháº¯c ai ngá» phÃºt cuá»‘i vÃ´ thÃªm trÃ¡i ná»¯a ğŸ˜…
398,Neutral#other,1,Fan real gÃ¡y to ná»¯a Ä‘i
399,Negative#player,1,ÄÃºng lÃ  ko sá»£ káº» Ä‘á»‹ch máº¡nh chá»‰ sá»£ Ä‘á»“ng Ä‘á»™i toÃ n chÃ¢n gá»— ğŸ˜‚
400,Positive#other,1,Há»§y diá»‡t tháº­t
405,Negative#club,1,NÄƒm nay tháº§n rÃ¹a ko Ä‘á»™ nÃªn Ä‘áº³ng cáº¥p táº§m trung.
406,Negative#player,1,Sao t cÃ³ cáº£m giÃ¡c Halan sáº½ k so sÃ¡nh Ä‘c vs thá»i m10 cr7 sao sao áº¥y nhá»‰
407,Neutral#other,1,NhÃ  vua bÄƒng hÃ 
408,Neutral#other,1,CÃº an 3 nam nay cháº¯c rá»“i
409,Negative#other,1,Ai bá»¯a trÆ°á»›c nÃ³i man city thua real Madrid trÃªn sÃ¢n Etihad Ä‘Ã¢u! DNA bá»‹ nÃ£ tá»›i 4-0 káº¿ hoáº¡ch chá»‰ cÃ³ vini chá»© khÃ´ng cÃ²n káº¿ hoáº¡ch nÃ o ná»¯a
412,Neutral#other,1,chuáº©n bá»‹ mci cÃ³ thÃªm máº¥y th fan hÃ¹a
414,Neutral#other,1,Chung káº¿t thua thÃ´i
417,Neutral#other,1,Há»§y diá»‡t DNA C1 ğŸ”¥
418,Neutral#other,1,Tá»‘i hÃ´m qua váº«n cÃ³ máº¥y tk real cá»©ng Ä‘áº§u kÃªu mÃ¹a trc 1% cÃ²n láº­t ngÆ°á»£c Ä‘c h dell tháº¥y Ä‘Ã¢u rá»“i ğŸ¤£ğŸ¤£
422,Negative#other,1,NÄƒm nay MC ko vÃ´ Ä‘á»‹ch Pep nghá»‰ vá»«a. Äá»™i hÃ¬nh Man giá» giÃ¡ tiá»n gáº¥p 2-3 cÃ¡c Ä‘á»™i khÃ¡c. 1 tháº±ng cáº§u thá»§ mua cáº£ 100 cá»§ toÃ n tráº» ná»¯a.
433,Positive#club,1,Man city nghiá»n nÃ¡t Red
446,Neutral#club,1," Báº­t náº¯p C2, gáº·p ngay Quá»· Äá» "
449,Neutral#club,1,Ã”ng nÃ o vÃ o tiá»n MU tÄƒng xÃ´ng vá»›i tháº±ng á»“ nÃ¡ nÃ 
453,Neutral#player,1,náº¿u thá»§ mÃ´n lÃ  Diana cháº¯c tá»‘t hÆ¡n Onana
460,Neutral#other,1,Hem tháº¥y a ben insta cÆ°á»i nháº¿ch mÃ©p ná»¯a za ta =))) Sao tháº¥y cá»c dá»¯ za
461,Negative#club,1,bÃ¢y giá» MU chá»‰ cÃ²n mong chá» vÃ o lÃ²ng tá»« bi cá»§a Bayern :))))
462,Positive#other,1,VÃ´ Ä‘á»‹ch c1 lÃ  cÃ¡i cháº¯c. NÄƒm nay Äƒn 3
463,Neutral#club,1,VÃ  vÃ o ck thua inter ğŸ˜‚ğŸ˜‚ğŸ˜‚
470,Neutral#commentator,1,BLV fan Mu gÃ o Ã¡c :))
472,Neutral#club,1,NÃ y thÃ¬ Real Madrid...nÃ y thÃ¬ DNA nhÃ  vua C1 vs chÃºng tÃ´i nÃ y. Sau Ä‘Ãªm nay thÃ¬ DNA C1 sáº½ chá»‰ cÃ²n lÃ  hÆ° danh nhÃ© Real =)))
479,Neutral#other,1,Nhiá»u ngÆ°á»i yÃªu bÃ³ng Ä‘Ã¡ chiáº¿n tháº¯ng láº¯m !
487,"Neutral#club,Neutral#player",1," Giáº£i cá»©u MU, giáº£i cá»©u Onana "
491,Negative#club,1,Xin thÃ´ng bÃ¡o vá»›i quÃ­ vá»‹. NhÃ  vua cá»§a chÃºng ta Ä‘Ã£ bÄƒng hÃ  ğŸ˜¢
514,Neutral#player,1,Kevin lÃ  1 thá»© chi Ä‘Ã³ â¤
547,Positive#club,1,ráº¥t cÃ³ kháº£ nÄƒg nÄƒm nay manc lÃ m cÃº Äƒn 3 r
548,Positive#club,1,NhÃ  vua chÆ¡i cÃºng ráº¥t áº¥n tÆ°á»£ng
553,Negative#player,1,Mong cÃ´ gÃ¡i hÃ  lan vÃ o chung káº¿t cáº£i thiá»‡n láº¡i kháº£ nÄƒng dá»©t Ä‘iá»ƒm chá»© bá» lá»¡ nhiá»u cÆ¡ há»™i ngon Äƒn quÃ¡
554,Neutral#commentator,1,Tháº±ng blv Ãªm quÃª gÃ o to vÃ o
561,Neutral#player,1,nhá»› D Gea vcc
569,Neutral#player,1,Ohaha nÃ³i nhá» tui mÃ  máº¥y cáº§u thá»§ MU Ä‘c nghá»‰ ngÆ¡i. Táº­p chung cho giáº£i quá»‘c ná»™i . VÃ¬ tÃ´i bt ráº±ng chÃºng tui chÆ°a sáºµn sÃ ng cho C1 nÄƒm nay. Tráº£ lá»i phá»ng váº¥n sau tráº­n ğŸ˜…
579,Negative#other,1," PhÃ¡t hiá»‡n fan real bá»‹ cÃ¢m trÃªn cÃ¡c ná»n táº£ng, tháº¯ng lÃ m vua thua khÃ¨ cÃºp ğŸ˜… "
588,Neutral#other,1,Nay ko tháº¥y Real con gÃ¡y ná»¯a Ã ğŸ˜‚ğŸ˜‚
589,Negative#other,1,CÃ³ cÆ¡ há»™i khÃ´ng biáº¿t cháº¯t chiu thÃ¬ chá»‰ cÃ³ Äƒn Ä‘áº§u bÃ²i ğŸ˜‚
627,Neutral#club,1,Tráº­n cuá»‘i mong 2 con gÃ  nÃ y hoÃ  Ä‘á»ƒ bá»n t háº¥p bayern láº¥y vÃ© vÃ o vÃ²ng trong phÃ¡t
633,Neutral#other,1,NÄƒm nay ko vÃ´ Ä‘á»‹ch thÃ¬ chá» Ä‘áº¿n khi nÃ o ná»¯a
639,Positive#club,1,BÃ©o Ling HÃ¢m cÃ³ duyÃªn vloz
654,Neutral#other,1,Ä‘áº³ng cáº¥p chÃªnh lá»‡ch nhau quÃ¡
655,Positive#club,1,quáº£ cuá»‘i cá»§a Alvarez cho Hallan thá»­ coi nÃ³ sÃºt vÃ´ má»›i láº¡. NhÆ°ng cÅ©ng chÃºc má»«ng MC vÃ o ck
656,Neutral#club,1,T Ä‘á»c cmt trÃªn tá»‘ tÃ³p fb thÃ¬ ngta nÃ³i real Ä‘Ã¡ sÃ¢n khÃ¡ch nhÆ° sÃ¢n nhÃ  .  rá»“i vÃ£ cho mc yáº¿u bÃ³ng vÃ­a. R sao
662,Neutral#club,1, chá»© Cr7 mÃ  á»Ÿ Real thÃ¬ giáº£i nÃ y lÃ  giáº£i 1 Ä‘á»™i bÃ³ng nÃªn a Ä‘Ã£ quyáº¿t tÃ¢m rá»i Ä‘i 
665,Positive#club,1,NhÃ  vua vá»›i chÃºng tÃ´i Ã . ÄÃ£ lÃ  káº» chinh pháº¡t thÃ¬ gáº·p káº» nÃ o chÃ©m káº» Ä‘Ã³ ğŸ‘€ğŸ‘€
667,Negative#other,1, ChÃºng ta ná»£ W Rooney má»™t lá»i xin ná»—i 
692,Neutral#club,1,Inter cÃ³ cup c1 sau 18 nÄƒm chá» Ä‘á»£i =))
695,Negative#other,1,TrÃºng ngá»±c trÆ°á»›c má»›i cháº¡m tay mÃ  sao pen nhá»‰
702,Positive#player,1,Mik ko pháº£i lÃ  phan cá»§a Ä‘á»™i nÃ o nhÆ°ng mik Ä‘Ã£ biáº¿t trÆ°á»›c sáº½ váº­y mÃ  ! VÃ  t thik hallan
707,Neutral#club,1,Háº¿t lá»™i nÆ°á»›c vs MC nhÃ©
716,Neutral#other,1,há»§y diá»‡t real
722,Negative#club,1," HÃ´m qua xem 3/1 rá»“i, táº¯t Ä‘iá»‡n thoáº¡i Ä‘i ngá»§ vÃ¬ MU qua xem ko vui. SÃ¡ng dáº­y tháº¥y tá»‰ sá»‘ lÃ  biáº¿t mÃ¬nh Ä‘Ã£ sai láº§m khi táº¯t mÃ¡y Ä‘i ngá»§ ğŸ˜‚ğŸ˜‚ğŸ˜‚ vÃ¬ xem MU Ä‘Ã¡ lÃ  Ä‘á»ƒ cho xáº£ stress mÃ  ğŸ˜‚ğŸ˜‚ğŸ˜‚ "
723,Positive#other,1,Äáº­u phá»™ng nÃ³ quÃ¡ máº¡nh
728,Neutral#club,1,Mc toÃ n Ã¡p Ä‘áº£o realğŸ˜šğŸ˜šğŸ˜šğŸ˜šğŸ˜šğŸ˜šğŸ˜šğŸ˜šğŸ˜šğŸ˜šğŸ˜šğŸ˜šğŸ˜šğŸ˜šğŸ˜šğŸ˜šğŸ˜šğŸ˜šğŸ˜šğŸ˜šğŸ˜šğŸ˜šğŸ˜šğŸ˜šğŸ˜šğŸ˜šğŸ˜šğŸ˜šğŸ˜šğŸ˜šğŸ˜šğŸ˜šğŸ˜šğŸ˜šğŸ˜šğŸ˜šğŸ˜šğŸ˜šğŸ˜šğŸ˜šğŸ˜šğŸ˜šğŸ˜šğŸ˜šğŸ˜šğŸ˜šğŸ˜šğŸ˜šğŸ˜šğŸ˜šğŸ˜šğŸ˜ŠğŸ˜ŠğŸ˜šğŸ˜ŠğŸ˜ŠğŸ˜ŠğŸ˜ŠğŸ˜ŠğŸ˜ŠğŸ˜ŠğŸ˜ŠğŸ˜ŠğŸ˜ŠğŸ˜ŠğŸ˜ŠğŸ˜ŠğŸ˜ŠğŸ˜ŠğŸ˜ŠğŸ˜Š
735,Neutral#club,1," VÃ o chung káº¿t thÃ¬ váº«n khÃ³ nÃ³i , nhÆ°ng nÄƒm nay mÃ  ManCity ko vÃ´ Ä‘á»‹ch thÃ¬ cÃ²n nÄƒm nÃ o ná»¯a "
745,Negative#club,1,NÃ y thÃ¬ lÃ  gen ADN vá»›i MC vá»›i tÃ´i nÃ¨.ğŸ˜…
747,Neutral#other,1,Vá» sÃ¢n nhÃ  thÃ¬ nhÆ° cha Ä‘Ã¡ vá»›i con Ã­ mÃ a
751,Neutral#club,1,Copenhagen vs galatasay gáº·p nhau 1 Ä‘á»™i tháº¯ng man Ä‘áº§n loáº¡i. Gáº·p bayer tráº­n cuá»‘i ná»¯a cháº¯c loáº¡iğŸ˜‚
753,Neutral#other,1,NÃ y thÃ¬ táº­p chung c1 :))
763,Neutral#club,1,Mu NhÃ  hÃ¡t cá»§a ONana
785,Neutral#other,1," CÆ¡ mÃ  cháº¯c Äƒn suáº¥t vÃ o vÃ²ng 1/8 rá»“i mÃ  tráº­n nÃ y boss Pep váº«n cho cÃ¡c trÃ² cÃ y áº£i nhá»‰, Ä‘áº·c biá»‡t lÃ  tuyáº¿n trÃªn, cháº¯c Ä‘á»ƒ Ä‘Ã¡ táº­p dÆ°á»£t cuá»‘i tuáº§n cÃ²n lÃ m thá»‹t con gÃ =))) "
786,Positive#other,1,Cá»±c hay vÃ  cuá»‘n hÃºt hÆ¡n á»Ÿ bÃ³ng Ä‘Ã¡ 2q live. Báº¡n cáº£m tháº¥y nhÆ° tháº¿ nÃ o khi xem video nÃ y?
789,Neutral#club,1,Äáº¡i gia galaratasay nhÆ°á»ng mu quÃ¡. Má»›i phÃºt 75 thui mÃ  ğŸ˜‚
804,Positive#other,1,QuÃ¡ khá»§ng khiáº¿p náº¿u ai xem trá»n 90 phÃºt...
810,Positive#club,1,ChÃºc má»«ng MU cÃ³ chai C2 mÃ¡t láº¡nh
813,Neutral#other,1,Máº¥y tk gÃ¡y real chá»‰ cáº§n 1% lÃ  Ä‘á»§ Ä‘Ã¢u háº¿t r nhá»‰
815,Negative#other,1,Tháº¯ng real xong thua inter cá»§ng váº­y thÃ´i kkk
816,"Positive#player,Negative#club",1," Ziech 2 bÃ n, 1 kiáº¿n táº¡o, ráº¥t hay ko hiá»ƒu sao chese láº¡i Ä‘áº©y Ä‘i "
829,Negative#club,1,NhÃ¬n MC hÃ nh Real nhÆ° con mÃ  tháº¥y tá»™i cho real nhá»‰
833,Neutral#other,1,1:44 nhÃ¬n bÃ³ng Ä‘Ã¡ nÆ°á»›c ngoÃ i Ä‘áº£ tháº­t.. bÃ³ng cÃ²n mÃ  ko giÃ nh vá»›i thá»§ mÃ´n
834,Negative#other,1,KÃ¨o Mancity cháº¥p Real 1 quáº£ lÃ  tháº¥y cÃ³ Ä‘iá»m rá»“i ğŸ¤£ğŸ¤£
840,Neutral#player,1,GARRANCHO.. NGÃ”I SAO SAÃ¬NG CUAA TRÃ•ÃŒ Ã‚U ÃÃ‚U RÃ”I.....KKKKK NÃ” CHO LÃƒM VAÃŒO....
843,Positive#club,1,Mu Ä‘ang chá»©ng minh mÃ¹a trÆ°á»›c há» Ä‘Æ°á»£c Ä‘Ã¡ c2 lÃ  1 tai náº¡n
844,Neutral#club,1,Chá»‰ cÃ³ hÃ  ná»™i má»›i win Ä‘Æ°á»£c mancity thÃ´i
860,Negative#club,1," Bá»‹ loáº¡i sá»›m cÅ©ng k pháº£i quÃ¡ buá»“n, vá»›i thá»±c lá»±c nhÆ° váº­y vÃ o vÃ²ng trong cÅ©ng bá»‹ loáº¡i. Táº­p trung vÃ o NHA cá»‘ láº¥y top4 mÃ¹a sau thay mÃ¡u Ä‘á»™i hÃ¬nh tiáº¿pğŸ˜‚ğŸ˜‚ "
877,Negative#other,1,Ã­t ngÆ°á»i xem tháº¿â¤â¤
899,Negative#other,1,Báº£o Man Äáº§n thÃ¬ há»™i fan láº¡i dá»±ng lÃ´ng lÃªn.
911,Neutral#other,1," CÆ¡ mÃ  cháº¯c Äƒn suáº¥t vÃ o vÃ²ng 1/8 rá»“i mÃ  tráº­n nÃ y boss Pep váº«n cho cÃ¡c trÃ² cÃ y áº£i nhá»‰, Ä‘áº·c biá»‡t lÃ  tuyáº¿n trÃªn, cháº¯c Ä‘á»ƒ Ä‘Ã¡ táº­p dÆ°á»£t cuá»‘i tuáº§n cÃ²n lÃ m thá»‹t con gÃ =))) "
923,Positive#other,1,TrÃ¡i pen tráº­n nÃ y Ã¡p lá»±c cÅ©g k kÃ©m pen tráº­n wc lÃ  máº¥y
931,Negative#commentator,1,nghe tháº±ng bÃ¬nh loáº¡n cÆ°á»i Ä‘au bá»¥ng beo lin hem ğŸ˜‚
933,Negative#other,1,Táº§m nÃ y chuáº©n bá»‹ thay huáº¥n luyá»‡n viÃªn nhÆ° má»i khi chá»© nhá»‰ :V
939,Neutral#player,1,CÃ³ tháº±ng báº£o Vinicius Ä‘Ã¡ vs Benardo Silva nhÆ° cha Ä‘Ã¡ vs con vÃ  Silva Ä‘Ã¡ vÃ o máº·t nhÃ³c Vini vÃ  fan Real báº±ng 2 bÃ n tháº¯ng
951,Positive#player,1," Onana hay Ä‘áº¿n láº¡ thÆ°á»ng, haha "
960,Neutral#commentator,1,BLV. Bá»m tiÃªn sinh
963,Negative#other,1,NÄƒm ngoÃ¡i cx rÃ¹a tá»« tráº­n PSG Ä‘á»• Ä‘i chá»© cháº£ Ä‘áº¿n má»©c tháº§n thÃ¡nh nhÆ° tung hÃ´
968,Positive#club,1,NÄƒm nay mu mua dc gk sá»‘ mÃ´ttttt tháº¿ giá»›i . ChÃºc má»«ng mnsd
971,Positive#player,1,Ohaha vÃ  Maingooo sÃ¡ng nháº¥t rá»“i Ä‘áº¥y. FAN MU vÃ o Ä‘Ã¢y Ä‘iá»ƒm danh nÃ oğŸ˜‚
975,Negative#club,1,real háº¿t Äƒn may rá»“i
978,Neutral#other,1," CÆ¡ mÃ  cháº¯c Äƒn suáº¥t vÃ o vÃ²ng 1/8 rá»“i mÃ  tráº­n nÃ y boss Pep váº«n cho cÃ¡c trÃ² cÃ y áº£i nhá»‰, Ä‘áº·c biá»‡t lÃ  tuyáº¿n trÃªn, cháº¯c Ä‘á»ƒ Ä‘Ã¡ táº­p dÆ°á»£t cuá»‘i tuáº§n cÃ²n lÃ m thá»‹t con gÃ =))) "
1963,"Negative#other,Positive#club",1,VÃ´ Ä‘á»‹ch chi quÃ i ğŸ¤£ğŸ¤£ nhÆ°á»ng cho Liver Ä‘i cho fan nÃ³ bá»›t áº£o tÆ°á»Ÿng sá»©c máº¡nh:)) Ä‘áº³ng cáº¥p nhÃ  vua ğŸ‘ Ã´ng vua c1
1967,Negative#other,1,MÃ³a hok hiá»ƒu Ã¡ trá»i
1970,Positive#other,1,Ã’ ...Ã“...O...WinğŸ¤£ğŸ¤£ğŸ¤£ğŸ¤£ğŸ¤£ğŸ¤£
1974,Negative#player,1,Xem chel bjo Ä‘Ã¡ thiáº¿u cÃ¡i gÃ¬ Ä‘Ã³
1977,Negative#other,1," thÃ´i lÃ¢u lÃ¢u coi lÃªn há»­i C1 thÃ´i rá»“i nhÃ³t, bÃ y Ä‘áº·t khá»‹a Liver uá»‘ng C2 trong khi tá»¥i nÃ³ uá»‘ng muá»‘n tiá»ƒu Ä‘Æ°á»ng ra Ä‘Ã³ ğŸ¤£ğŸ¤£ğŸ¤£ğŸ¤£ Ä‘Ã¡ C1 lÃ³t Ä‘Æ°á»ng cuá»‘i báº£ng .NhÃ³t nhá»¥c nhÆ° choÃ¡ lun hahahaha "
1983,Neutral#other,1," CÃ´ng tháº§n cá»§a MU Ä‘Ã¢u rá»“i, may quÃ¡ ko thÃ´i láº¡i bá»‹ máº¥y anh man Ä‘áº§n vÃ o Ä‘á»• thá»«a "
1987,Neutral#player,1,Má»›i nÄƒm ngoÃ¡i cÃ³ ngÆ°á»i cÃ²n nháº­n Ä‘á»‹nh Phil Foden sáº½ máº¥t chá»— Ä‘á»©ng trong MC ğŸ˜…
1992,Neutral#other,1,Tráº­n nÃ y lÃ  tráº­n trung káº¿t â¤
2001,"Positive#club,Negative#club",1," Xem mÃ  thÃ¨m hÃ ng thá»§ cá»§a PSG, pháº£i MU cÅ©ng Ä‘c nhÆ° váº­y thÃ¬ quÃ¡ tá»‘t "
2006,Negative#other,1,Bar cÃ³ thÃªm trá»ng tÃ i mÃ  váº«n thua nhá»‰ :))
2014,Neutral#club,1,Má»«ng cho mc nÄƒm nay k Äƒn c1 ná»¯a thi thoy Ä‘áº¥y
2015,Neutral#other,1,KhÃ´ng bao giá» mÃ¬nh sÃºt Ä‘Æ°á»£c tá»« xa nhÆ° váº­y
2020,Positive#other,1,CÄƒng tháº³ng quÃ¡ ğŸ˜Š
2035,Neutral#player,1," hÃ£y nhÃ¬n nhá»¯ng bÆ°á»›c cháº¡y cá»§a Ben á»Ÿ bÃ n tháº¯ng thá»© 3 , má»i ngÆ°á»i Ä‘á»«ng nÃ³i lá»­a chÃ¹a ná»¯a :))) "
2036,Neutral#other,1,ná»•i tiáº¿ng tháº¿ giá»›i nhá» tÃªn tuá»•i cá»§a MESSI
2042,Positive#other,1,báº§u trá»i láº¡i trong lÃ nh rá»“i :))) háº¿t rÃ¡c rá»“i
2044,Positive#player,1," ÄÃ¡ng sá»£ tháº­t , Benzema láº¡nh lÃ¹ng vl "
2058,Neutral#other,1,cÃ¡c fan mÃ¢n Ä‘Ã n xem man city xong cay Ä‘á» dÃ¡i
2072,Negative#other,1,HÃ´m qua CÄV Chelsea gÃ¡y máº¡nh quÃ¡.
2075,Positive#club,1," NÃ y thÃ¬ real Madrid nÃ y, nÃ y thÃ¬ gÃ¡y nÃ yğŸ˜‚ "
2088,Neutral#club,1,ADN real c1 cháº¯c váº«n váº­y hala madrid
2096,Positive#other,1,DNA nhÃ  vÃ´ Ä‘á»‹ch
2102,Negative#other,1,NÃªn sá»­a caption Ä‘á»ƒ thu hÃºt khÃ¡n giáº£ hÆ¡n
2115,Negative#club,1,Real thua báº©y máº·c Ã¡o Ä‘en Ã¡o tráº¯ng truyá»n tá»‘ng ThÃ¬ ko.mac
2120,Negative#club,1,Thiáº¿u Ä‘i trá»¥ cá»™t Harry Maguire Liver Ä‘Ã£ Ä‘á»ƒ thua 0-4 trÆ°á»›c ManUnited :))
2131,Positive#club,1," ÄÃ¢y lÃ  real chá»© ko pháº£i AC MilanğŸ˜‚ğŸ˜‚ğŸ˜‚,live Äƒn lm sao dk,real mÃ£i Ä‘á»‰nh "
2136,Positive#club,1,LÃºc nÃ y k áºµm cÃºp thÃ¬ cÃ²n lÃºc nÃ o ná»¯a mc Æ¡i ???
2156,Negative#other,1," C21 , cr7 vaÌ€ buno nÃªn Ä‘aÌ chung ngay tÆ°Ì€ Ä‘Ã¢Ì€u thiÌ€ khaÌc rÃ´Ì€i "
2161,"Positive#club,Negative#club",1,Mc Ã©p Psg thÃ nh báº£ nÆ°á»›c mÃ­a luÃ´n.Mc Ä‘Ã¡ záº­y cÃ³ 10 bá»™ 3 nguyÃªn tá»­ cÅ©ng cháº¿t
2162,Negative#club,1,Cáº£ Ä‘á»i má»›i vÃ´ Ä‘á»‹ch C1 Ä‘Æ°á»£c 1 láº§n. ğŸ˜‚
2163,"Negative#other,Positive#other,Positive#player,Positive#club",1," ná»ƒ máº¥y Ã´ng real tháº¯ng thÃ¬ adn c1,thua thÃ¬ Ä‘á»• do trá»¥ cá»™t real giÃ ,pep gáº·p may,Ä‘á»™i pep tráº» rá»“i máº¡nh=))),xin lá»—i cáº£ ancelotti vá»›i pep Ä‘á»u lÃ  hlv world class,Ä‘á»™i hÃ¬nh real máº¡nh 1 pháº§n nhiá»u lÃ  nhá» chá»§ tá»‹ch perez biáº¿t mua bÃ¡n trÃªn thá»‹ trÆ°á»ng chuyá»ƒn nhÆ°á»£ng,pháº§n lÃ  nhá»¯ng lÃ£o tÆ°á»›ng nhÆ° benzema,modric,kroos dá»u Ä‘Ã£ chÆ¡i á»Ÿ Ä‘áº³ng cáº¥p cao quÃ¡ lÃ¢u Ä‘á»ƒ biáº¿t Ä‘Æ°á»£c mÃ¬nh pháº£i lÃ m gÃ¬ trong nhá»¯ng tráº­n Ä‘áº¥u lá»›n,vÃ i nÄƒm trá»Ÿ láº¡i Ä‘Ã¢y man city dang máº¡nh theo giá»i gian ráº¥t nhiá»u,cÃ¡c kevin de bruyne hay ikay gundogan cÅ©ng Ä‘ang trá»Ÿ nÃªn giÃ  dÆ¡ hÆ¡n bao giá» háº¿t,chÆ°a ká»ƒ Ä‘áº¿n cÃ¡i Ä‘áº§u vÃ  tÃ i chiáº¿n thuáº­t cá»§a pep,man city cÃ³ vÃ´ Ä‘á»‹ch nÄƒm nay thÃ¬ hoÃ n toÃ n xá»©ng Ä‘Ã¡ng vá»›i cÃ´ng sá»©c thá»ƒ hiá»‡n á»Ÿ cáº£ mÃ¹a giáº£i,tá»« ngoáº¡i háº¡ng anh,Ä‘áº¿n c1,tháº­m chÃ­ náº¿u lÃ m cÃº Äƒn 3 nhÆ° mu nÄƒm 99 thÃ¬ váº«n cá»© lÃ  kháº£ thi hÆ¡n bao giá» háº¿t,há» chá»‰ cáº§n tháº¯ng chelsea trong tráº­n cuá»‘i tuáº§n lÃ  Ä‘á»§ Ä‘á»ƒ lÃªn ngÃ´i vÃ´ Ä‘á»‹ch sá»›m,cÃ²n cup fa Ä‘Ã¡ vá»›i mu váº«n Ä‘ang lÃ  Ä‘á»™i cá»­a trÃªn hoÃ n toÃ n,má»¥c tiÃªu lá»›n nháº¥t cá»§a man city váº«n lÃ  mang c1 vá» phÃ²ng truyá»n thá»‘ng "
2166,"Neutral#club,Positive#player,Negative#club,Negative#player",1,"Hiá»‡p má»™t real phÃ²ng ngá»± toÃ n táº­p.hiá»‡p hai chÆ¡i Ä‘Ã´i cÃ´ng vÃ  cÃ³ bÃ n tháº¯ng.vÃ  quay láº¡i phÃ²ng ngá»± nhiá»u lá»›p vÃ  cÃ³ má»™t thá»§ mÃ´n quÃ¡ hay.liverpool tuy dá»©t Ä‘iá»ƒm nhiá»u nhÆ°ng toÃ n nhá»¯ng cÃº sÃºt bá»«a.vÃ  ko hiá»ƒm sao tháº¯ng Ä‘c thá»§ mÃ´n real.hÃ ng cÃ´ng Liverpool tháº¥y cÃ³ mane lÃ  Ä‘iá»ƒm sÃ¡ng.cÃ²n salah tháº­t sá»± ai coi trá»±c tiáº¿p sáº½ tháº¥y bá»±c mÃ¬nh nhÆ° tháº¿ nÃ o toÃ n máº¥t bÃ³ng,vÃ  ko hiá»ƒu sao klop láº¡i rÃºt Diaz ra mÃ  ko pháº£i lÃ  salah.cÃ²n hai Ã´ng háº­u vá»‡ cÃ¡nh cá»§a Liverpool thÃ¬ á»‘i dá»“i Ã´i toÃ n táº¡t nhá»¯ng quáº£ tÃ o lao vÃ  bá» ngÆ°á»i ko chá»‹u kÃ¨m.1trong sá»‘ Ä‘Ã³ lÃ  bá»‹ trá»«ng pháº¡t lá»—i bá» vá»‹ trÃ­ ko quan sÃ¡t."
2188,Positive#player,1,cá»§ tá»i gÃ¡nh cÃ²ng lÆ°ng
2207,Neutral#club,1,H2 Ä‘Ã¨ barca tÃ¡t nhÆ° con
2231,Negative#club,1,Real bÃ¢y giá» chá»‰ mang cup ra Ä‘áº¿m chá»© gÃ¡y lÃ m sao Ä‘Æ°á»£c ná»¯a
2232,Negative#other,1," NÃ o lÃ  Äƒn 4 , Äƒn Ä‘b ( cÃ²n lÃ¢u má»›i Ä‘c ká»‰ lá»¥c Äƒn 3 cá»§a mu nhÃ© ) "
2237,"Positive#player,Negative#other",1,Mua ronado vá» Ä‘á»ƒ ghi bÃ n chá»© Ä‘á»ƒ lÃ m gÃ¬ Ä‘Ã¢u..cáº§u thá»§ tháº¿ giá»›i nÃ³ pháº£i tháº¿..chá»© cá»©u ai.cá»©u gÃ¬
2239,Negative#other,1," Nguoi ra Ä‘i thÃ¬ ko ra Ä‘i ,nguoi á»Ÿ láº¡i thÃ¬ ko á»Ÿ láº¡i...mane-matip...sai láº§m cá»§a Li mÃ¹a nÃ y... "
2244,Positive#player,1,HakimZyech >MU
2251,Neutral#player,1,Vini láº¡i nháº­n thÃªm Ä‘Æ°á»£c 1 ngÆ°á»i con nÆ°á»›c Anh ğŸ˜‚
2255,"Negative#club,Positive#club",1,Mc thua t buá»“n...liv thua t ko vui...MU NÃT NHÆ¯ Äá»NG RÃC T Ráº¤T HAPPY
2272,Neutral#other,1,Cháº¥p trÆ°á»›c 1 trÃ¡i cÃ²n k Äƒn ğŸ˜‚
2274,Positive#player,1,Kane chá»n Ä‘Ãºng ná»n vÄƒn minh
2277,Positive#player,1,Cr7 láº¡i cá»©u vá»›t MU khá»i vÅ©ng sÃ¬nh
2279,Positive#player,1,Tiá»n Ä‘áº¡o cá»© Ä‘en Ä‘en báº©n báº©n bao ngáº§u
2280,Positive#player,1,Thá»§ mÃ´n real gÃ¡nh cÃ²ng lÆ°ng
2286,Neutral#player,1,Si lÃ¹n láº¡i miss pen a 7 thÃ¬ ná»• sÃºng kaka
2292,"Positive#club,Negative#club,Positive#player",1," cÃ³ thá»ƒ nÃ³i liver lÃ  ngÆ°á»i cÃ³ lá»‘i Ä‘Ã¡ Ä‘áº¹p, Ã¡p Ä‘áº£o hÆ¡n- Ä‘Ã¡ng tiáº¿c cho há» lÃ  bÃªn real cÃ³ 1 hung tháº§n giá»¯ cá»­a quÃ¡ xuáº¥t sáº¯c ( cá»‘ lÃªn liver mÃ£i yÃªu ğŸ”´ğŸ‰) "
2293,Neutral#club,1,HÃ ng phÃ²ng ngá»± cua MAn van dang lo;
2295,Positive#player,1,RÃ¹i ai cÃ²n chÃª cÆ°á»i cá»§ tá»i khi má»›i Ä‘áº¿n ko ğŸ˜ŒğŸ˜ŒğŸ˜Œ
2308,"Neutral#other,Negative#club,Negative#player",1," Ole khÃ´ng cáº§n chiáº¿n thuáº­t gÃ¬ cáº£, Ã”ng chá»‰ cáº§n Cr7 lÃ  Ä‘á»§ rá»“i. á» Real Madrid tuy má»›i 31,32 tuá»•i Zidane váº«n Ä‘á»ƒ Cr7 dá»± bá»‹ vÃ  vÃ o sÃ¢n trong nhá»¯ng tráº­n quan trá»ng, 35,36 tuá»•i Juventus, Mu toÃ n cho Ä‘Ã¡ full tráº­n, CÃ²ng cáº£ lÆ°ng. Äáº¡i ca cháº¯c pháº£i thi Ä‘áº¥u 80 tuá»•i . "
2315,Negative#other,1,BÃ  xÃ£ Ä‘Ã¡ hay láº¯m nhÆ°ng k thá»ƒ cáº§m hoÃ  Ä‘Æ°á»£c MU ğŸ¥¹
2321,Neutral#other,1,Ai nghi ngá» Pep?. Im tiáº¿ng dc chÆ°a
2327,Neutral#player,1,Má»i thá»© sáº½ báº¯t Ä‘áº§u vá»›i ManU á»Ÿ mÃ¹a sau ğŸ˜‚
2357,"Positive#club,Negative#other",1,ChÃºc má»«ng cáº£ Ä‘á»™i vá»›i má»™t chiáº¿n tháº¯ng vÃ´ cÃ¹ng thuyáº¿t phá»¥c. KhÃ¡ tiáº¿c lÃ  tÃ´i khÃ´ng thá»ƒ tham dá»± tráº­n Ä‘áº¥u nÃ y. TÃ´i cÅ©ng hy vá»ng lÃ  á»Ÿ má»™t tÆ°Æ¡ng lai khÃ´ng xa thÃ¬ Manchester United sáº½ Ä‘áº¿n Viá»‡t Nam thi Ä‘áº¥u vÃ¬ tÃ´i biáº¿t á»Ÿ Viá»‡t Nam cÃ³ ráº¥t nhiá»u ngÆ°á»i hÃ¢m má»™ Ä‘á»™i bÃ³ng vÃ  cÅ©ng hÃ¢m má»™ cáº£ tÃ´i ná»¯a.
2385,Neutral#player,1,Uefalona Ä‘ang á»Ÿ Ä‘Ã¢uuuuu
2391,Negative#club,1,NÄƒm sau Barca Ä‘Ã¡ c1 rá»“i sao Mu cÃ²n Ä‘Ã²i uá»‘ng c2:))
2392,Negative#other,1,Tháº¥y nÃ©m cáº£ huáº¥n luyá»‡n viÃªn.tÆ°á»Ÿng bÃªn tÃ¢y nÃ³ vÄƒn minh tháº¿ nÃ o cÆ¡
2413,Negative#club,1,Tá»± hÃ o dc Ä‘Ã¡ c1 nx Ä‘i man Ä‘áº§n
2419,Neutral#other,1,Cáº§m trong tay Ä‘á»™i hÃ¬nh mÃ  nhiá»u hlv mÆ¡ Æ°á»›c. Váº­y lÃ  biáº¿t trÃ¬nh Ä‘á»™ hlv Psg Ä‘áº¿n Ä‘Ã¢u rá»“i
2427,Negative#club,1,Láº¡i Ä‘á»ƒ A7 gÃ¡nh ná»¯a rá»“i
2431,Neutral#player,1,Anh 7 chÆ¡i Ä‘Ã¡ phÃºt bÃ¹ giá» ko Ã 
2445,Negative#other,1,Thag nÃ o chÃª Ä‘Ã¡ c2 giá» bá»‹ loáº¡i á»Ÿ c2 cháº¯c lÃ  k cay Ä‘Ã¢u :))
2456,Neutral#other,1,HÃ­ hÃ­ . Máº¥y fan mÃ¹ u hÃ´m qua gÃ o thÃ©t ko cáº§n tá»‘p 4 mÃ  Ä‘i c1 báº±ng cá»­a vÃ´ Ä‘á»‹ch c1 nÄƒm nay Ä‘Ã¢u rá»“i
2468,Negative#club,1,Real bÃ¢yh kh cÃ³ cá»­a j Ä‘á»ƒ so vs mc
2480,Neutral#club,1,Mount ráº¥t hay nhÆ°ng Ben Ãš hÃ´ng bÃ© Æ¡iiiii
2488,Positive#club,1,tá»« Ä‘áº§u tá»›i cuá»‘i toÃ n mc Ã©p sÃ¢n
2494,Positive#player,1,ThÆ°Æ¡ng a7 ghÃª GÃ¡nh mu vÆ°á»£t Vilareal Atalanta. Äá»ƒ vÃ o vÃ²ng K.O C1.
2499,Neutral#other,1,o mu k ai chuyen cho cr7
2503,Positive#club,1," Sá»£ tháº­t Ä‘áº¥y, Ä‘áº¿n cáº£ highlights mÃ  cháº£ cÃ³ pha nÃ o cá»§a Real.PSG Ã©p nhÆ° Ã©p mÃ­a tháº¿ nÃ y. "
2516,Neutral#other,1,Kiá»ƒu Ä‘áº§u khÃ¡ lá»­ng cÃ³ váº» há»£p phong thá»§y vá»›i MU tuyá»‡t vá»i vá»›i tinh tháº§n MU!
2522,Neutral#other,1,Ã”ng ná»™i  máº§y  lÃ  puá»· Ä‘á»  háº£
2529,Positive#player,1,Adn vÃ´ Ä‘á»‹ch cá»§a alvarez  nÃ³ khÃ¡c vs 85p cá»§a haaland quÃ¡
2531,Neutral#other,1,NhÃ  vua c1 thÃ¬ váº«n mÃ£i lÃ  nhÃ  vui thÃ´i
2535,Negative#club,1," Máº¥y con gÃ  liverpool Ä‘Ã¢u ra áº£o tÆ°á»Ÿng sá»©c máº¡nh t xem nÃ o , Ä‘Ã²i Äƒn real ? Bá»›t áº£o tÆ°á»Ÿng há»™ t nhÃ¡ "
2538,Positive#other,1," Biáº¿t cháº¯t chiu thÃ¬ Chelsea Ä‘Ã£ Ä‘i tiáº¿p rá»“i, má»™t tráº­n Ä‘áº¥u hay. NhÆ°ng xin chia buá»“n vs REAL vÃ¬ há» sáº½ dá»«ng bÆ°á»›c á»Ÿ bÃ¡n káº¿t thÃ´i, Ä‘Æ¡n giáº£n MC ko pháº£i Chelsea nhÃ© "
2540,Neutral#player,1,Nunez phiÃªn báº£n PSG
2547,Negative#player,1,Sterling Ä‘ang thá»ƒ hiá»‡n 100 triá»‡u báº£ng khÃ´ng lÃ  gÃ¬ cáº£
2552,Neutral#player,1,Xin Tráº£ Degiea láº¡i cho tÃ´i.
2560,Negative#commentator,1,MÃ¡ no tay blv nÃ y fan mu cháº¯c luÃ´nğŸ¥°
2569,Neutral#player,1,Tráº­n lÆ°á»£t vá» sáº½ lÃ  cá»§a Ben9
2570,Neutral#club,1,NÄƒm ngoÃ¡i Real Madrid Äƒn rÃ¹a chá»© nÄƒm nay thÃ¬ chá»‹u
2572,Negative#player,1,K cÃ³ m30 Ä‘Ã¡ hay háº³n :))))
2575,Positive#club,1,Ä‘áº¿n bh ms cÃ³ c1..cháº¯c cháº¯n lÃ  k bao h..tuá»•i gÃ¬ Ä‘Ã²i sÃ¡nh vs real
2590,Neutral#other,1,Ko sao tháº¯ng thua lÃ  chuyá»‡n bth nhÆ°ng riÃªng tráº­n nÃ y báº¥t thÆ°á»ng láº¯m nghe
2600,Positive#club,1,Quáº£ thá»© 3 cá»§a real cÆ°á»i á»‰a=)))
2601,Positive#club,1," Giá» MU má»›i lÃ  1 Ä‘á»™i bÃ³ng, 1 táº­p thá»ƒ Ä‘Ãºng nghÄ©a, chá»© khÃ´ng nhÆ° trÆ°á»›c kia pháº£i phá»¥c vá»¥ 1 Ã´ng ká»…nh suá»‘t ! "
2602,Neutral#club,1," Náº¿u xÃ©t vá» tÃ¢m lÃ­, báº£n lÄ©nh vÃ  kinh nghiá»‡m thÃ¬ Real hÆ¡n háº³n Liver. Real cÃºp thÃ¬ ko thiáº¿u nÃªn tÃ¢m lÃ­ thoáº£i mÃ¡i dÃ¹ bá»‹ dáº«n trÆ°á»›c tá»‰ sá»‘. Liver quÃ¡ Ã¡p Ä‘áº·t chá»‰ tiÃªu pháº£i phá»¥c thÃ¹ Real nÃªn sá»± hÃ¡o tháº¯ng Ä‘Ã£ tá»± bÃ³p ngáº¹t chÃ­nh mÃ¬nh. ÄÃ³ lÃ  quy luáº­t cá»§a bÃ³ng Ä‘Ã¡. Máº¡nh thÃ´i chÆ°a Ä‘á»§ :)))) "
2623,Neutral#player,1,Belinhham lá»‘i Ä‘Ã¡ quÃ¡ bÃ¬nh thÆ°á»ng chÆ°a so Ä‘c vá»›i m3p 18 tuá»•i lÃ m mÆ°a lÃ m giÃ³ táº¡i c1 vÃ  wc .máº¥y cáº§u thá»§ anh áº£o láº¯m
2625,Negative#player,1," Varane vá» Ä‘Ã¡ cáº·p vá»›i Lindelof chá»© k pháº£i vá»›i danh hÃ i 5 Ä‘Ã¢u, BHL hÆ¡i lag tÃ­ "
2630,Neutral#other,1,BÃ  xÃ£ Ã  hÆ¡i nonğŸ˜‚
2634,Neutral#club,1,chá»‰ báº¯t náº¡t Ä‘Æ°á»£c á»Ÿ bundesliga thui :)))
2635,Positive#club,1,Tháº¯ng trc ToT báº¥t á»•n vÃ  giá» Mu vá» Ä‘Ãºng vá»‹ tháº¿ cÅ© .
2673,Neutral#club,1,trÃ¢Ì£n naÌ€y MU chiÌ‰ thÄƒÌng vÃªÌ€ tiÌ‰ sÃ´Ì
2704,Positive#club,1," Xem tráº­n tháº¥y cÃ³ váº» nhÆ° cÃ¡c cáº§u thá»§ MU há» Ä‘Ã¡ quyáº¿t tÃ¢m hÆ¡n háº³n so vá»›i thá»i Solsa. CÃ³ váº» nhÆ° há» Ä‘Ã£ khÃ´ng muá»‘n cá»‘ng hiáº¿n cho Ã´ng Solsa nÃªn Ä‘Ã£ Ä‘Ã¡ nhÆ° thá»ƒ quyáº¿t thua Ä‘á»ƒ Ä‘áº©y á»•ng Ä‘i. CÃ²n tráº­n nÃ y tháº¥y MU Ä‘Ã¡ quÃ¡ sung, chá»‹u pressing tá»‘t hÆ¡n háº³n. Xem tráº­n nÃ y dá»… dÃ ng tháº¥y cÃ¡c cáº§u thá»§ Villarreal thÆ°á»ng chá»‰ chuyá»n quanh quáº©n ráº¥t lÃ¢u vÃ¬ cÃ¡c cáº§u thá»§ MU Ä‘eo ngÆ°á»i vÃ  pressing quÃ¡ sung khiáº¿n há» gáº·p khÃ³ khÄƒn khi lÃªn bÃ³ng. Chá»© thá»i Solsa thÃ¬ tráº­n nÃ y cháº¯c toang 3-0 rá»“i. Ai cá»© nÃ³i HLV Carrick cÃ³ hiá»m khÃ­ch nÃªn khÃ´ng cho Bruno xuáº¥t phÃ¡t. ÄÆ¡n giáº£n chá»‰ vÃ¬ Ã´ng nÃ y yÃªu cáº§u cÃ¡c cáº§u thá»§ MU Ä‘Ã¡ pressing ngay tá»« Ä‘áº§u nÃªn pháº£i cáº¥t Bruno. VÃ¬ cuá»‘i tuáº§n cÃ²n pháº£i gáº·p Chelsea ná»¯a. "
2706,Neutral#other,1," Vá»›i Pochectino , Messi hay Nayma cÅ©ng lÃ  Ä‘á»“ bá»...thua váº«n lÃ  thua... "
2723,Negative#other,1,Tenhag hlv hÃ ng Ä‘áº§u.nhÆ°ng káº¿t quáº£ tham dá»± c1 thÃ¬ hÃ ng cuá»‘i cÃ¹ng báº£ng Ä‘áº¥u.
2750,Neutral#club,1," Cá»© gáº·p Real lÃ  thua tan nÃ¡t, fan Liver "
2833,Positive#club,1,ChÃºc má»«ng Real Ä‘Ã£ may máº¯n hÃ²a Ä‘Æ°á»£c Mancity.
2885,Negative#other,1,45+ 90+ trá»©ng cÃºt ole dÃ¡nh lung tung cáº£ lÃªn ğŸ¤£
2902,Neutral#other,1," TÃ´i Ä‘Ã£ ghi bÃ n,toÃ n Ä‘á»™i cÅ©ng Ä‘Ã£ thi Ä‘áº¥u vá»›i tinh tháº§n ,quyáº¿t tÃ¢m cao nháº¥t,ko bá» cuá»™c,  cÃ³ nhá»¯ng lÃºc dáº«n 3-0 r, tÆ°á»Ÿng chá»«ng Ä‘Ã¡nh sáº­p Bernabeu nhÆ°ng cuá»‘i cÃ¹ng váº«n ko láº¥y Ä‘c vÃ© vÃ o bÃ¡n káº¿t cho CHELSEA !  Cáº£m Æ¡n má»i ngÆ°á»i Ä‘Ã£ thá»©c Ä‘Ãªm Ä‘á»ƒ á»§ng há»™ The Blues ğŸ’™ ! come on Chelsea,KTBFFH ğŸ’™ğŸ’™ğŸ’™ğŸ’™ chÃºc má»«ng fan cá»§a Ká»n ká»n tráº¯ng ,chÃºc cÃ¡c báº¡n tiáº¿n sÃ¢u Ä‘áº¿n tráº­n Ä‘áº¥u cuá»‘i cÃ¹ng ! "
